{"flutter":{"platforms":{"android":{"default":{"projectId":"plantopia-acced","appId":"1:41520065615:android:7063a9b9c5b5a85dface3a","fileOutput":"android/app/google-services.json"}},"dart":{"lib/firebase_options.dart":{"projectId":"plantopia-acced","configurations":{"android":"1:41520065615:android:7063a9b9c5b5a85dface3a","ios":"1:41520065615:ios:94713bdee6e6aaebface3a","macos":"1:41520065615:ios:94713bdee6e6aaebface3a","web":"1:41520065615:web:70532b865b8fe124face3a","windows":"1:41520065615:web:3666e11224d62136face3a"}}}}}}